ADAMEC, David	adamec@biggles.gsfc.nasa.gov
BARTH, Jack	barth@oce.orst.edu
BARTH, Norman	norman@cerfacs.fr
BRASKET, Aaron	brasket@cloud.colorado.edu
BEEGLE, C.J.	beegle@ocean.washington.edu
BEHERA, Swadhin	skb@tropmet.ernet.in
BEIER, Emilio	ebeier@cicese.mx
BI, Kenong	bi@nepac.ucsd.edu
BLANCO, Maria	mady@fing.edu.uy
BLANKE, Bruno	bbl@yosemite.atmos.ucla.edu
BOENING, Claus	cboening@ifm.uni-kiel.d400.de
BOGRAD, Steven	bograd@ocgy.ubc.ca
BOLSTAD, John	bolstad@crg.llnl.gov
BOURGEOIS, Al	ajb@targa.llnl.gov
BRAINARD, Rusty	brainard@noaapmel.gov
BROWN, Michael	mbrown@stranj.engr.sgi.com
BRYAN, Frank	bryan@ncar.ucar.edu
CANE, Mark	mcane@ldgo.columbia.edu
CAI, Wenju	wjc@atmos.dar.CSIRO.AU
CAO, Xianhe	cao@cola.umd.edu
CARRIERE, Laura 	laura@merlin.csi.lsu.edu
CASEY, Kenneth	ken@satori.gso.uri.edu
CASTELLARI, Sergio	castellari@RCF.rsmas.miami.edu
CARTON, Jim	carton@atmos.umd.edu
CHAI, Fei	fchai@nostrad.geo.duke.edu
CHANG, Ping	ping@shark.tamu.edu
CHAO, Yi	yc@pacific.Jpl.Nasa.Gov
CHENG, Abe	cheng@lsc.navo.navy.mil
CHERVIN, Robert	chervin@ncar.ucar.edu
CHEN, Dake	dchen@auke.gso.uri.edu
CHEN, Fei 	chen@yosemite.atmos.ucla.edu
CHERNIAWSKY, Josef	jcherniawsky@cid.aes.doe.ca
CHOW, Julianna	jcc@isis.cgd.ucar.edu
CHU, Peter	chu@nps.navy.mil
CHUANG, W_S	chuang@ccms.ntu.edu.tw
COWARD, Andrew	acc@unixa.nerc-wormley.ac.uk
CRAIG, Tony	craig@noaapmel.gov
DADOU, Isabelle	dadou@gaia.cnes.fr
DANABASOGLU, Gokhan	gokhan@isis.cgd.ucar.edu
DaSILVA, Arlindo	dasilva@hera.gsfc.nasa.gov
DEMIROV, Encho	encho@emona.io-bas.bg
DENGG, Joachim	jdengg@ifm.uni-kiel.d400.de
DESNOS, Jean_Francois	Jean-Francois.Desnos@ujf-grenoble.fr
DIEMER, Johannes	diemer@convex.com
DIETERLE, Dwight	dwid@seas.marine.usf.edu
DIXIT, Sanjay	dixit@monsoon.colorado.edu
DODGE, Chris	cdodge@AWI-Bremerhaven.DE
DOESCHER, Ralf	doescher@awi-bremerhaven.de
DUFFY, Phil	pduffy@llnl.gov
DUKOWICZ, John	duk@lanl.gov
DUNBAR, Donald	DSDunbar@mindlink.bc.ca
EBY, Michael	woce@ios.bc.ca
EERT, Jane	tree@ios.bc.ca
EMEAGWALI, Philip	emeag001@maroon.tc.umn.edu
ENGLAND, Matthew	england@gaia.cnes.fr
FENNEL, W	fennel@physik.io-warnemuende.d400.de
FLEMING, Gordon	gfleming@polar.royalroads.ca
FUKAMACHI, Yasushi	yasuf@lt.hines.hokudai.ac.jp
GALLOPOULOS, Stratis	stratis@csrd.uiuc.edu
GANGOPADHYAY, Avijit	avijit@pacific.jpl.nasa.gov
GARDINER_GARDEN, Robert	robertg@hydra.maths.unsw.oz.au
GARRAFFO, Zulema	cxzdg@nasagiss.giss.nasa.gov
GERDES, Ruediger	rgerdes@awi-bremerhaven.d400.de
GIESE, Ben	giese@cola.umd.edu
GODDARD, Lisa	goddard@lagoa.ucsd.edu
GOODMAN, Paul	pgoodman@atmos.washington.edu
GOUGH, Bill	gough@lake.scar.utoronto.ca
GNANADESIKAN, Anand	anand@griffon.whoi.edu
GREATBATCH, Richard	rgreat@crosby.physics.mun.ca
GRUBER, Nicolas	ngruber@phil.unibe.ch
HAIDVOGEL, Dale	dale@ahab.rutgers.edu
HANKIN, Steve	hankin@ferret.pmel.noaa.gov
HANYZEWSKI, Gary	garyh@sds.sdsc.edu
HE, Yun	yunhe@mingming.cms.udel.edu
HECHT, Matthew	hecht@ncar.ucar.edu
HEDSTROM, Kate	kate@ahab.rutgers.edu
HENDRIX, Jared	jce@ocean.geol.scarolina.edu
HEROUX, Michael	mamh@cray.com
HERRMANN,Peter	pherrmann@ifm.uni-kiel.d400.de
HIRST, Anthony	ach@atmos.dar.csiro.au
HOFFMAN, Peter	peter@epoch.geol.scarolina.edu
HOGAN, Timothy	hogan@nrlmry.navy.mil
HOLLAND, David	dmh@bom.gov.au
HOLLOWAY, Greg	zounds@ios.bc.ca
HOOKS, Charles	hooks@houvmscc.iinus1.ibm.com
HOSOYAMADA,Tokuzo	rng@voscc.nagaokaut.ac.jp
HOWARD, Armando	acamh@kirk.giss.nasa.go
HSIEH, William	william@narwhal.ocgy.ubc.ca
HU, Dingming	hu@atmos.washington.edu
HUANG, R.X.	huang@phoenix.whoi.edu
HUCK, Thierry	huck@ocean.seaoar.uvic.ca
HUGHES, Rowan	rowan@ahab.rutgers.edu 
INUI, Tomoko	inui@clim.lowtem.hokudai.ac.jp
JENSEN, Tommy	jensen@neptune.atmos.colostate.edu
JEWSON, Stephen	atmspj@vax.ox.ac.uk
JOHNSON, Scot	scot@atmos.washington.edu
JOHNSON, Walter	wjohnson@isdres.er.usgs.gov
JOOS, Fortunat	joos@phil.unibe.ch
JOYCE, Glenn	joyce@ccf.nrl.navy.mil
KAR, Sajal	skar@aurora.atmos.ucla.edu
KAMBIS, Alex	kambis@asdsun.larc.nasa.gov
KANTHA, Lakshmi	kantha@boulder.colorado.edu
KAR, Sajal	skar@yosemite.atmos.ucla.edu
KAWASE, Mitsuhiro	kawase@rakko.ocean.washington.edu
KERSKEN, Hans	hkersken@awi-bremerhaven.de
KIM, Hyungki	hkkim@sari.kordi.re.kr
KIM, Kyu_Myong	kmkim@climate3.snu.ac.kr
KLINGER, Barry	klinger@ocean.nova.edu
KOEBERLE, Cornelia	ckoeberl@awi-bremerhaven.de
KORRES, Gerasimos	makis@monsoon.bo.cnr.it
KRAINES, Steve	kraines@komiyama.t.u-tokyo.ac.jp
KUO, Han_Hsiung	kuo@inel.gov
KUO, Yu_Heng	kuo@attu.oc.nps.navy.mil
LANDRUM, Laura	laura@ocean.washington.edu
LEE, Warren	wlee@cid.aes.doe.ca
LENDERINK, Geert	lenderin@knmi.nl
LEVY, Claire	levy@lodyc.jussieu.fr
LINDOW, Helma	lindow@PHYSIK.io-warnemuende.d400.de
LIU, Xianbing	xliu@hokulea.soest.hawaii.edu
LOZANO, Carlos	lozano@pacific.harvard.edu
LOZIER, Susan	susan@darla.whoi.edu
MA, Chung-Chun	ccma@russian.atmos.ucla.edu
MALONE, Robert	rcm@lanl.gov
MAROTZKE, Jochem	jochem@sound.mit.edu
MASUMOTO, Yukio	masumoto@geoph.s.u-tokyo.ac.jp
MATSUBARA, Kiyoshi	matsubar@crab.fuji-ric.co.jp
MATSUURA, Tomonori	matsuura@tripole.ess.bosai.go.jp
MATANO, Ricardo	rpm@oce.orst.edu
McCALPIN, John	mccalpin@perelandra.cms.udel.edu
McDERMOTT, Dave	mcdermot@atmos.washington.edu
McINTOSH, Peter	mcintosh@inverse.ml.csiro.au
McNEILLY, Greg	gsm@ornl.gov
McWILLIAMS, Jim	jcm@ncar.ucar.edu
MEACHAM, Steve	meach@tri.ocean.fsu.edu
MECHOSO, Roberto	mechoso@atmos.ucla.edu
MILLER, Bob	miller@oce.orst.edu
MILLER, Jim	miller@arctic.rutgers.edu
MIRIN, Art	mirin@nersc.gov
MITSUDERA, Humio	mitsuderaf@mstkid.jamstec.go.jp
MIYAMA, Toru	miyama@stone.kugi.kyoto-u.ac.jp
MOLEMAKER, Jeroen	nmolem@fys.ruu.nl
MOORE, Andy	amm@atmos.dar.csiro.au
MURRAY, Ross	rjmury@mullara.met.unimelb.edu.au
MUSGRAVE, Dave	musgrave@denali.ims.alaska.edu
NAJJAR, Ray	najjar@essc.psu.edu 
NAVARRA, Antonio	ann@ncar.ucar.edu
NEELIN, David	neelin@nino.atmos.ucla.edu
NORTON, Nancy	njn01@ncar.ucar.edu
O_BRIEN, Kevin	KOBRIEN@noaapmel.gov
ORR, Jim	orr@asterix.saclay.cea.fr
OUAHSINE, A	Abdellatif.Ouahsine@univ-lille1.fr
PALUSZKIEWICZ, Terri	tp@circe.pnl.gov
PAUL, Andre	apau@geo.palmod.uni-bremen.de
PULYASSARY, Ravindran	ravi@astra.bio.dfo.ca
PEIERLS, Ronald	peierls@bnl.gov
POWER, Scott	sbp@bom.gov.au
PULYASSARY, Ravindran	ravi@astra.bio.dfo.ca
RAGHUNATH, Ramanujam	rxr@foggy.jpl.nasa.gov 
RAHMSTORF, Stefan	srahmstorf@ifm.uni-kiel.d400.de
RAO, Janhavi	jr@ee.duke.edu
RAVELO, Christina	acr@cats.ucsc.edu
REDLER, Rene	rredler@ifm.uni-kiel.d400.de
REID, Paula	reid@cmf.nrl.navy.mil
REYNOLDS, Robert	reyn@reed.edu
RINTOUL, Steve	rintoul@ml.csiro.au
RIPA_ALSINA, Pedro	pedror@cicese.mx
ROBITAILLE, Daniel	daniel@ocean.seaoar.uvic.ca
RODGERS, Keith	keithr@rainbow.ldeo.columbia.edu
ROGERS, Paul	rogers@noaapmel.gov
ROSEN, Lawrence	elrosen@lamont.ldgo.columbia.edu
ROTHSTEIN, Lew	dail@nippawas.gso.uri.edu
ROWE, Dail	dail@nippawas.gso.uri.edu
SANDER, Johannes	sander@phil.unibe.ch
SANDERSON, James	jgsander@agps.lanl.gov
SARACHIK, Ed	sarachik@ecfc.atmos.washington.edu
SCHAEFER_NETH, Christian	risto@sfb313.uni-kiel.d400.de
SCHOPFF, Paul	paul@halfhalt.gsfc.nasa.gov
SHENG, Jinyu	sheng@phys.ocean.dal.ca
SHINODA, Toshiaki	shinoda@iniki.soest.hawaii.edu
SHULTZ, John	schultz@cgdra.cgd.ucar.edu
SHUM, C.K.	shum@utcsr.ae.utexas.edu
SMITH, Rick	rds@acl.lanl.gov
SMITH, Neville	nrs@tracy.ho.bom.gov.au
SPALL, Mike	spall@epl.whoi.edu
STUTZER, Soeren	sstutzer@ifm.uni-kiel.d400.de
SUN, Charles	charles@ceob-hp825.nos.noaa.gov
STANEV, Emil	stanev%v%bgcict.bitnet@vm.gmd.de -or- estanev@ocean.oce.ulg.ac.be
STOCKDALE, Tim	ATMTNS@vax.oxford.ac.uk
STRIBLING, Troy	troy.stribling@gsfc.nasa.gov	
SWATHI, P.S.	swathi@cmmacs.ernet.in
SYU, Hsin-Hsin	hsin@nino.atmos.ucla.edu
TANG, Wendy	wqt@pacific.jpl.nasa.gov
TAYLOR, Nick	OUS023@bangor.ac.uk
THOMAS, Alan	aoab311@hermes.chpc.utexas.edu
TZENG, Ren-Yow	osu807@OSCA.osc.edu
TZIPERMAN, Eli	citziper@wiscon.weizmann.ac.il
UMATANI, Shin_ichiro	umatani@riam.kyushu-u.ac.jp
VALLIS, Geoffrey	vallis@cascade.ucsc.edu
VANSCOY, Kim	kvs@kopernik.whoi.edu
VINAYACHANDRAN, P.N.	nivedita@cas.iisc.ernet.in
WACONGNE_SPEER, Sophie	wacongne@univ-brest.fr
WAHLSTRAND, Karna	karnaw@voyager.Jpl.Nasa.Gov
WAINER, Ilana	wainer@vortex.io.usp.br
WAJSOWICZ, Roxana	roxana@neptune.gsfc.nasa.gov
WAKATA, Yoshinobu	wakata@simizugw.cc.u-tokai.ac.jp
WANG, Dailin	wangd@ncar.ucar.edu
WANG, Huaxiao	huaxiao@ocean.geol.scarolina.edu
WANG, John	johnw@cascade.ucsc.edu
WANG, Xiaoli	xiaoli@wind.mit.edu
WANG, Xiaoming	wd01mw@sun1.wwb.noaa.gov
WANG, Xiuren	xiuren@brahms.udel.edu
WATERMAN, Linda	ljw@dar.csiro.au
WEATHERLY, John	weather@ncar.ucar.edu
WEAVER, Andrew	weaver@ocean.seaoar.UVic.CA
WEBB, David	djw@unixa.nerc-wormley.ac.uk
WEIBEL, William	weibel@atmos.ucla.edu
WELSH, Susan	swelsh@enso3.csi.lsu.edu
WILKIN, John	wilkin@flood.ml.csiro.au
WILSON, Steve	sgw@dar.csiro.au
WISEMAN, William	bill@merlin.csi.lsu.edu
WITTER, Donna	dwitter@oce.orst.edu
WOLTERS, Lex	llexx@cs.leidenuniv.nl
WOOD, Richard	rwood@email.meto.govt.uk
WORTHEN, Denise	dlw@atmos.washington.edu
WRIGHT, Dan	dwright@sable.bio.dfo.ca
WU, Peili	peili.wu@ed.ac.uk
XU, Jim	aoad354@chpc.utexas.edu
YAJNIK, Kirit	yajnik@cmmacs.ernet.in
YAMAGATA, Toshi	yamagata@geoph.s.u-tokyo.ac.jp
YANG, Jiayan	yang@seminole.whoi.edu
YIN, Fenglin	yin@jisao.atmos.washington.edu
YIGN, Noh	s131keh@crayc90.seri.re.kr
YOUNG, Roberta	rey@puddle.mit.edu
ZHANG, Jubao	jubao@darla.whoi.edu
ZHAO, Zong_ci	zhaozc@bepc2.ihep.ac.cn
ZHU, Xiaoli	xlz@spout.jpl.nasa.gov
____BITNET____, bitnet	bitnet
CRISE, Alex	CRISE@ITSOGS.BITNET
DALFES, Nuzhet	dalfes%TRBOUN.BITNET@FRMOP11.CNUSC.FR
GUTIERREZ, Alejandro	GECHEVER@UCRVM2.BITNET
THACKER, Carlyle	thacker%3338.span@sdsc.bitnet
____OMNET____, omnet	omnet
HALPERN, David	d.halpern@omnet.nasa.gov
OZSOY, Emin	u.unluata@omnet.nasa.gov
RIZZOLI, Paola	p.rizzoli%omnet@ncar.ucar.edu
